{"cameraMode":{"drawMode":0,"name":"Shaded","section":"Shading Mode"},"sceneLighting":true,"audioPlay":false,"sceneViewState":{"showFog":true,"showMaterialUpdate":true,"showSkybox":true,"showFlares":true,"showImageEffects":true,"showParticleSystems":true},"in2DMode":false,"pivot":{"x":283.9632873535156,"y":326.9140625,"z":0.0},"rotation":{"x":-0.0014999978011474014,"y":0.0014999978011474014,"z":0.0000022499987153423719,"w":0.9999977350234985},"size":427.2107238769531,"orthographic":false}